dataset,attention,method,seed,acc,macro_f1,mae,qwk,run_tag,source
ADNI,MESC,ResNet50 + MESC VersionB,0,0.9812000000000001,0.9852,0.0203,0.9792,controlled_mecsb_vb_koa_adni_10seed_20260803_234110_adni_resnet50_plus_mesc_versionb_seed0,/root/autodl-tmp/MedVisionLab/batch_logs/controlled_mecsb_vb_koa_adni_10seed_20260803_234110/controlled_mecsb_vb_koa_adni_10seed_20260803_234110_adni_resnet50_plus_mesc_versionb_seed0.log
ADNI,MESC,ResNet50 + MESC VersionB,1,0.9828,0.9787,0.0188,0.9807,controlled_mecsb_vb_koa_adni_10seed_20260803_234110_adni_resnet50_plus_mesc_versionb_seed1,/root/autodl-tmp/MedVisionLab/batch_logs/controlled_mecsb_vb_koa_adni_10seed_20260803_234110/controlled_mecsb_vb_koa_adni_10seed_20260803_234110_adni_resnet50_plus_mesc_versionb_seed1.log
ADNI,MESC,ResNet50 + MESC VersionB,2,0.9843999999999999,0.9887,0.0172,0.982,controlled_mecsb_vb_koa_adni_10seed_20260803_234110_adni_resnet50_plus_mesc_versionb_seed2,/root/autodl-tmp/MedVisionLab/batch_logs/controlled_mecsb_vb_koa_adni_10seed_20260803_234110/controlled_mecsb_vb_koa_adni_10seed_20260803_234110_adni_resnet50_plus_mesc_versionb_seed2.log
ADNI,MESC,ResNet50 + MESC VersionB,3,0.9883,0.992,0.0125,0.9875,controlled_mecsb_vb_koa_adni_10seed_20260803_234110_adni_resnet50_plus_mesc_versionb_seed3,/root/autodl-tmp/MedVisionLab/batch_logs/controlled_mecsb_vb_koa_adni_10seed_20260803_234110/controlled_mecsb_vb_koa_adni_10seed_20260803_234110_adni_resnet50_plus_mesc_versionb_seed3.log
ADNI,MESC,ResNet50 + MESC VersionB,4,0.9828,0.9683,0.018,0.9829,controlled_mecsb_vb_koa_adni_10seed_20260803_234110_adni_resnet50_plus_mesc_versionb_seed4,/root/autodl-tmp/MedVisionLab/batch_logs/controlled_mecsb_vb_koa_adni_10seed_20260803_234110/controlled_mecsb_vb_koa_adni_10seed_20260803_234110_adni_resnet50_plus_mesc_versionb_seed4.log
ADNI,MESC,ResNet50 + MESC VersionB,5,0.9891,0.9924,0.0117,0.9882,controlled_mecsb_vb_koa_adni_10seed_20260803_234110_adni_resnet50_plus_mesc_versionb_seed5,/root/autodl-tmp/MedVisionLab/batch_logs/controlled_mecsb_vb_koa_adni_10seed_20260803_234110/controlled_mecsb_vb_koa_adni_10seed_20260803_234110_adni_resnet50_plus_mesc_versionb_seed5.log
ADNI,MESC,ResNet50 + MESC VersionB,6,0.9883,0.9884,0.0117,0.9897,controlled_mecsb_vb_koa_adni_10seed_20260803_234110_adni_resnet50_plus_mesc_versionb_seed6,/root/autodl-tmp/MedVisionLab/batch_logs/controlled_mecsb_vb_koa_adni_10seed_20260803_234110/controlled_mecsb_vb_koa_adni_10seed_20260803_234110_adni_resnet50_plus_mesc_versionb_seed6.log
ADNI,MESC,ResNet50 + MESC VersionB,7,0.9859,0.9872,0.0164,0.9813,controlled_mecsb_vb_koa_adni_10seed_20260803_234110_adni_resnet50_plus_mesc_versionb_seed7,/root/autodl-tmp/MedVisionLab/batch_logs/controlled_mecsb_vb_koa_adni_10seed_20260803_234110/controlled_mecsb_vb_koa_adni_10seed_20260803_234110_adni_resnet50_plus_mesc_versionb_seed7.log
ADNI,MESC,ResNet50 + MESC VersionB,8,0.9906,0.9923,0.0094,0.9917,controlled_mecsb_vb_koa_adni_10seed_20260803_234110_adni_resnet50_plus_mesc_versionb_seed8,/root/autodl-tmp/MedVisionLab/batch_logs/controlled_mecsb_vb_koa_adni_10seed_20260803_234110/controlled_mecsb_vb_koa_adni_10seed_20260803_234110_adni_resnet50_plus_mesc_versionb_seed8.log
ADNI,MESC,ResNet50 + MESC VersionB,9,0.9867,0.9795,0.0141,0.9863,controlled_mecsb_vb_koa_adni_10seed_20260803_234110_adni_resnet50_plus_mesc_versionb_seed9,/root/autodl-tmp/MedVisionLab/batch_logs/controlled_mecsb_vb_koa_adni_10seed_20260803_234110/controlled_mecsb_vb_koa_adni_10seed_20260803_234110_adni_resnet50_plus_mesc_versionb_seed9.log
KOA,MESC,ResNet50 + MESC VersionB,0,0.6723,0.6645,0.3912,0.824,controlled_mecsb_vb_koa_adni_10seed_20260803_234110_koa_resnet50_plus_mesc_versionb_seed0,/root/autodl-tmp/MedVisionLab/batch_logs/controlled_mecsb_vb_koa_adni_10seed_20260803_234110/controlled_mecsb_vb_koa_adni_10seed_20260803_234110_koa_resnet50_plus_mesc_versionb_seed0.log
KOA,MESC,ResNet50 + MESC VersionB,1,0.6809000000000001,0.6513,0.3689,0.8311,controlled_mecsb_vb_koa_adni_10seed_20260803_234110_koa_resnet50_plus_mesc_versionb_seed1,/root/autodl-tmp/MedVisionLab/batch_logs/controlled_mecsb_vb_koa_adni_10seed_20260803_234110/controlled_mecsb_vb_koa_adni_10seed_20260803_234110_koa_resnet50_plus_mesc_versionb_seed1.log
KOA,MESC,ResNet50 + MESC VersionB,2,0.6756,0.6791,0.3729,0.8336,controlled_mecsb_vb_koa_adni_10seed_20260803_234110_koa_resnet50_plus_mesc_versionb_seed2,/root/autodl-tmp/MedVisionLab/batch_logs/controlled_mecsb_vb_koa_adni_10seed_20260803_234110/controlled_mecsb_vb_koa_adni_10seed_20260803_234110_koa_resnet50_plus_mesc_versionb_seed2.log
KOA,MESC,ResNet50 + MESC VersionB,3,0.6959000000000001,0.7036,0.3499,0.8416,controlled_mecsb_vb_koa_adni_10seed_20260803_234110_koa_resnet50_plus_mesc_versionb_seed3,/root/autodl-tmp/MedVisionLab/batch_logs/controlled_mecsb_vb_koa_adni_10seed_20260803_234110/controlled_mecsb_vb_koa_adni_10seed_20260803_234110_koa_resnet50_plus_mesc_versionb_seed3.log
KOA,MESC,ResNet50 + MESC VersionB,4,0.6809000000000001,0.6859,0.3768,0.8265,controlled_mecsb_vb_koa_adni_10seed_20260803_234110_koa_resnet50_plus_mesc_versionb_seed4,/root/autodl-tmp/MedVisionLab/batch_logs/controlled_mecsb_vb_koa_adni_10seed_20260803_234110/controlled_mecsb_vb_koa_adni_10seed_20260803_234110_koa_resnet50_plus_mesc_versionb_seed4.log
KOA,MESC,ResNet50 + MESC VersionB,5,0.6992,0.7082,0.3512,0.8403,controlled_mecsb_vb_koa_adni_10seed_20260803_234110_koa_resnet50_plus_mesc_versionb_seed5,/root/autodl-tmp/MedVisionLab/batch_logs/controlled_mecsb_vb_koa_adni_10seed_20260803_234110/controlled_mecsb_vb_koa_adni_10seed_20260803_234110_koa_resnet50_plus_mesc_versionb_seed5.log
KOA,MESC,ResNet50 + MESC VersionB,6,0.6840999999999999,0.6649,0.3657,0.8327,controlled_mecsb_vb_koa_adni_10seed_20260803_234110_koa_resnet50_plus_mesc_versionb_seed6,/root/autodl-tmp/MedVisionLab/batch_logs/controlled_mecsb_vb_koa_adni_10seed_20260803_234110/controlled_mecsb_vb_koa_adni_10seed_20260803_234110_koa_resnet50_plus_mesc_versionb_seed6.log
KOA,MESC,ResNet50 + MESC VersionB,7,0.675,0.6703,0.3696,0.8406,controlled_mecsb_vb_koa_adni_10seed_20260803_234110_koa_resnet50_plus_mesc_versionb_seed7,/root/autodl-tmp/MedVisionLab/batch_logs/controlled_mecsb_vb_koa_adni_10seed_20260803_234110/controlled_mecsb_vb_koa_adni_10seed_20260803_234110_koa_resnet50_plus_mesc_versionb_seed7.log
KOA,MESC,ResNet50 + MESC VersionB,8,0.6776000000000001,0.6829,0.3834,0.8188,controlled_mecsb_vb_koa_adni_10seed_20260803_234110_koa_resnet50_plus_mesc_versionb_seed8,/root/autodl-tmp/MedVisionLab/batch_logs/controlled_mecsb_vb_koa_adni_10seed_20260803_234110/controlled_mecsb_vb_koa_adni_10seed_20260803_234110_koa_resnet50_plus_mesc_versionb_seed8.log
KOA,MESC,ResNet50 + MESC VersionB,9,0.6861,0.6864,0.3657,0.8395,controlled_mecsb_vb_koa_adni_10seed_20260803_234110_koa_resnet50_plus_mesc_versionb_seed9,/root/autodl-tmp/MedVisionLab/batch_logs/controlled_mecsb_vb_koa_adni_10seed_20260803_234110/controlled_mecsb_vb_koa_adni_10seed_20260803_234110_koa_resnet50_plus_mesc_versionb_seed9.log
