dataset,method,attention,loss,loss_name,seed,acc,macro_f1,qwk,mae,tau,gamma,label_smoothing,run_tag,source
KOA,ResNet50,,CE,,0,0.6927,0.6667,0.8179,0.3801,,,,controlled_mecsb_vb_koa_adni_10seed_20260803_234110_koa_resnet50_seed0,/root/autodl-tmp/MedVisionLab/batch_logs/controlled_mecsb_vb_koa_adni_10seed_20260803_234110/controlled_mecsb_vb_koa_adni_10seed_20260803_234110_koa_resnet50_seed0.log
KOA,ResNet50 + DAST,,DAST,,0,0.6912999999999999,0.6717,0.8217,0.3768,1.0,1.5,,controlled_mecsb_vb_koa_adni_10seed_20260803_234110_koa_resnet50_plus_dast_seed0,/root/autodl-tmp/MedVisionLab/batch_logs/controlled_mecsb_vb_koa_adni_10seed_20260803_234110/controlled_mecsb_vb_koa_adni_10seed_20260803_234110_koa_resnet50_plus_dast_seed0.log
KOA,ResNet50 + MESC VersionB,MESC,,,0,0.6723,0.6645,0.824,0.3912,,,,controlled_mecsb_vb_koa_adni_10seed_20260803_234110_koa_resnet50_plus_mesc_versionb_seed0,/root/autodl-tmp/MedVisionLab/batch_logs/controlled_mecsb_vb_koa_adni_10seed_20260803_234110/controlled_mecsb_vb_koa_adni_10seed_20260803_234110_koa_resnet50_plus_mesc_versionb_seed0.log
KOA,ResNet50 + MESC VersionB + DAST,MESC,DAST,,0,0.6945999999999999,0.6829,0.8447,0.3519,1.0,1.5,,controlled_mecsb_vb_koa_adni_10seed_20260803_234110_koa_resnet50_plus_mesc_versionb_plus_dast_seed0,/root/autodl-tmp/MedVisionLab/batch_logs/controlled_mecsb_vb_koa_adni_10seed_20260803_234110/controlled_mecsb_vb_koa_adni_10seed_20260803_234110_koa_resnet50_plus_mesc_versionb_plus_dast_seed0.log
ADNI,ResNet50,,CE,ce,0,0.9406,0.9538,0.9351,0.0641,,,,controlled_mecsb_vb_koa_adni_10seed_20260803_234110_adni_resnet50_seed0,/root/autodl-tmp/MedVisionLab/batch_logs/controlled_mecsb_vb_koa_adni_10seed_20260803_234110/controlled_mecsb_vb_koa_adni_10seed_20260803_234110_adni_resnet50_seed0.log
ADNI,ResNet50 + DAST,,DAST,dast,0,0.9242,0.9201,0.9245,0.0781,1.0,1.5,,controlled_mecsb_vb_koa_adni_10seed_20260803_234110_adni_resnet50_plus_dast_seed0,/root/autodl-tmp/MedVisionLab/batch_logs/controlled_mecsb_vb_koa_adni_10seed_20260803_234110/controlled_mecsb_vb_koa_adni_10seed_20260803_234110_adni_resnet50_plus_dast_seed0.log
ADNI,ResNet50 + MESC VersionB,MESC,CE,ce,0,0.9812000000000001,0.9852,0.9792,0.0203,,,,controlled_mecsb_vb_koa_adni_10seed_20260803_234110_adni_resnet50_plus_mesc_versionb_seed0,/root/autodl-tmp/MedVisionLab/batch_logs/controlled_mecsb_vb_koa_adni_10seed_20260803_234110/controlled_mecsb_vb_koa_adni_10seed_20260803_234110_adni_resnet50_plus_mesc_versionb_seed0.log
ADNI,ResNet50 + MESC VersionB + DAST,MESC,DAST,dast,0,0.9703,0.9767,0.9654,0.0328,1.0,1.5,,controlled_mecsb_vb_koa_adni_10seed_20260803_234110_adni_resnet50_plus_mesc_versionb_plus_dast_seed0,/root/autodl-tmp/MedVisionLab/batch_logs/controlled_mecsb_vb_koa_adni_10seed_20260803_234110/controlled_mecsb_vb_koa_adni_10seed_20260803_234110_adni_resnet50_plus_mesc_versionb_plus_dast_seed0.log
KOA,ResNet50,,CE,,1,0.6547,0.6621,0.8382,0.3847,,,,controlled_mecsb_vb_koa_adni_10seed_20260803_234110_koa_resnet50_seed1,/root/autodl-tmp/MedVisionLab/batch_logs/controlled_mecsb_vb_koa_adni_10seed_20260803_234110/controlled_mecsb_vb_koa_adni_10seed_20260803_234110_koa_resnet50_seed1.log
KOA,ResNet50 + DAST,,DAST,,1,0.6855,0.6727,0.8201,0.386,1.0,1.5,,controlled_mecsb_vb_koa_adni_10seed_20260803_234110_koa_resnet50_plus_dast_seed1,/root/autodl-tmp/MedVisionLab/batch_logs/controlled_mecsb_vb_koa_adni_10seed_20260803_234110/controlled_mecsb_vb_koa_adni_10seed_20260803_234110_koa_resnet50_plus_dast_seed1.log
KOA,ResNet50 + MESC VersionB,MESC,,,1,0.6809000000000001,0.6513,0.8311,0.3689,,,,controlled_mecsb_vb_koa_adni_10seed_20260803_234110_koa_resnet50_plus_mesc_versionb_seed1,/root/autodl-tmp/MedVisionLab/batch_logs/controlled_mecsb_vb_koa_adni_10seed_20260803_234110/controlled_mecsb_vb_koa_adni_10seed_20260803_234110_koa_resnet50_plus_mesc_versionb_seed1.log
KOA,ResNet50 + MESC VersionB + DAST,MESC,DAST,,1,0.6769,0.6898,0.8386,0.3644,1.0,1.5,,controlled_mecsb_vb_koa_adni_10seed_20260803_234110_koa_resnet50_plus_mesc_versionb_plus_dast_seed1,/root/autodl-tmp/MedVisionLab/batch_logs/controlled_mecsb_vb_koa_adni_10seed_20260803_234110/controlled_mecsb_vb_koa_adni_10seed_20260803_234110_koa_resnet50_plus_mesc_versionb_plus_dast_seed1.log
ADNI,ResNet50,,CE,ce,1,0.9438,0.9353,0.9397,0.0602,,,,controlled_mecsb_vb_koa_adni_10seed_20260803_234110_adni_resnet50_seed1,/root/autodl-tmp/MedVisionLab/batch_logs/controlled_mecsb_vb_koa_adni_10seed_20260803_234110/controlled_mecsb_vb_koa_adni_10seed_20260803_234110_adni_resnet50_seed1.log
ADNI,ResNet50 + DAST,,DAST,dast,1,0.9351999999999999,0.9254,0.9395,0.0656,1.0,1.5,,controlled_mecsb_vb_koa_adni_10seed_20260803_234110_adni_resnet50_plus_dast_seed1,/root/autodl-tmp/MedVisionLab/batch_logs/controlled_mecsb_vb_koa_adni_10seed_20260803_234110/controlled_mecsb_vb_koa_adni_10seed_20260803_234110_adni_resnet50_plus_dast_seed1.log
ADNI,ResNet50 + MESC VersionB,MESC,CE,ce,1,0.9828,0.9787,0.9807,0.0188,,,,controlled_mecsb_vb_koa_adni_10seed_20260803_234110_adni_resnet50_plus_mesc_versionb_seed1,/root/autodl-tmp/MedVisionLab/batch_logs/controlled_mecsb_vb_koa_adni_10seed_20260803_234110/controlled_mecsb_vb_koa_adni_10seed_20260803_234110_adni_resnet50_plus_mesc_versionb_seed1.log
ADNI,ResNet50 + MESC VersionB + DAST,MESC,DAST,dast,1,0.9922,0.9932,0.9931,0.0078,1.0,1.5,,controlled_mecsb_vb_koa_adni_10seed_20260803_234110_adni_resnet50_plus_mesc_versionb_plus_dast_seed1,/root/autodl-tmp/MedVisionLab/batch_logs/controlled_mecsb_vb_koa_adni_10seed_20260803_234110/controlled_mecsb_vb_koa_adni_10seed_20260803_234110_adni_resnet50_plus_mesc_versionb_plus_dast_seed1.log
KOA,ResNet50,,CE,,2,0.69,0.6708,0.8142,0.3873,,,,controlled_mecsb_vb_koa_adni_10seed_20260803_234110_koa_resnet50_seed2,/root/autodl-tmp/MedVisionLab/batch_logs/controlled_mecsb_vb_koa_adni_10seed_20260803_234110/controlled_mecsb_vb_koa_adni_10seed_20260803_234110_koa_resnet50_seed2.log
KOA,ResNet50 + DAST,,DAST,,2,0.6709999999999999,0.6838,0.815,0.3919,1.0,1.5,,controlled_mecsb_vb_koa_adni_10seed_20260803_234110_koa_resnet50_plus_dast_seed2,/root/autodl-tmp/MedVisionLab/batch_logs/controlled_mecsb_vb_koa_adni_10seed_20260803_234110/controlled_mecsb_vb_koa_adni_10seed_20260803_234110_koa_resnet50_plus_dast_seed2.log
KOA,ResNet50 + MESC VersionB,MESC,,,2,0.6756,0.6791,0.8336,0.3729,,,,controlled_mecsb_vb_koa_adni_10seed_20260803_234110_koa_resnet50_plus_mesc_versionb_seed2,/root/autodl-tmp/MedVisionLab/batch_logs/controlled_mecsb_vb_koa_adni_10seed_20260803_234110/controlled_mecsb_vb_koa_adni_10seed_20260803_234110_koa_resnet50_plus_mesc_versionb_seed2.log
KOA,ResNet50 + MESC VersionB + DAST,MESC,DAST,,2,0.69,0.6891,0.8341,0.3637,1.0,1.5,,controlled_mecsb_vb_koa_adni_10seed_20260803_234110_koa_resnet50_plus_mesc_versionb_plus_dast_seed2,/root/autodl-tmp/MedVisionLab/batch_logs/controlled_mecsb_vb_koa_adni_10seed_20260803_234110/controlled_mecsb_vb_koa_adni_10seed_20260803_234110_koa_resnet50_plus_mesc_versionb_plus_dast_seed2.log
ADNI,ResNet50,,CE,ce,2,0.9406,0.919,0.9341,0.0641,,,,controlled_mecsb_vb_koa_adni_10seed_20260803_234110_adni_resnet50_seed2,/root/autodl-tmp/MedVisionLab/batch_logs/controlled_mecsb_vb_koa_adni_10seed_20260803_234110/controlled_mecsb_vb_koa_adni_10seed_20260803_234110_adni_resnet50_seed2.log
ADNI,ResNet50 + DAST,,DAST,dast,2,0.9305,0.9343,0.9349,0.0703,1.0,1.5,,controlled_mecsb_vb_koa_adni_10seed_20260803_234110_adni_resnet50_plus_dast_seed2,/root/autodl-tmp/MedVisionLab/batch_logs/controlled_mecsb_vb_koa_adni_10seed_20260803_234110/controlled_mecsb_vb_koa_adni_10seed_20260803_234110_adni_resnet50_plus_dast_seed2.log
ADNI,ResNet50 + MESC VersionB,MESC,CE,ce,2,0.9843999999999999,0.9887,0.982,0.0172,,,,controlled_mecsb_vb_koa_adni_10seed_20260803_234110_adni_resnet50_plus_mesc_versionb_seed2,/root/autodl-tmp/MedVisionLab/batch_logs/controlled_mecsb_vb_koa_adni_10seed_20260803_234110/controlled_mecsb_vb_koa_adni_10seed_20260803_234110_adni_resnet50_plus_mesc_versionb_seed2.log
ADNI,ResNet50 + MESC VersionB + DAST,MESC,DAST,dast,2,0.9781,0.982,0.9746,0.0242,1.0,1.5,,controlled_mecsb_vb_koa_adni_10seed_20260803_234110_adni_resnet50_plus_mesc_versionb_plus_dast_seed2,/root/autodl-tmp/MedVisionLab/batch_logs/controlled_mecsb_vb_koa_adni_10seed_20260803_234110/controlled_mecsb_vb_koa_adni_10seed_20260803_234110_adni_resnet50_plus_mesc_versionb_plus_dast_seed2.log
KOA,ResNet50,,CE,,3,0.6822,0.6822,0.8294,0.3716,,,,controlled_mecsb_vb_koa_adni_10seed_20260803_234110_koa_resnet50_seed3,/root/autodl-tmp/MedVisionLab/batch_logs/controlled_mecsb_vb_koa_adni_10seed_20260803_234110/controlled_mecsb_vb_koa_adni_10seed_20260803_234110_koa_resnet50_seed3.log
KOA,ResNet50 + DAST,,DAST,,3,0.675,0.6689,0.8095,0.3965,1.0,1.5,,controlled_mecsb_vb_koa_adni_10seed_20260803_234110_koa_resnet50_plus_dast_seed3,/root/autodl-tmp/MedVisionLab/batch_logs/controlled_mecsb_vb_koa_adni_10seed_20260803_234110/controlled_mecsb_vb_koa_adni_10seed_20260803_234110_koa_resnet50_plus_dast_seed3.log
KOA,ResNet50 + MESC VersionB,MESC,,,3,0.6959000000000001,0.7036,0.8416,0.3499,,,,controlled_mecsb_vb_koa_adni_10seed_20260803_234110_koa_resnet50_plus_mesc_versionb_seed3,/root/autodl-tmp/MedVisionLab/batch_logs/controlled_mecsb_vb_koa_adni_10seed_20260803_234110/controlled_mecsb_vb_koa_adni_10seed_20260803_234110_koa_resnet50_plus_mesc_versionb_seed3.log
KOA,ResNet50 + MESC VersionB + DAST,MESC,DAST,,3,0.6776000000000001,0.6896,0.8436,0.3591,1.0,1.5,,controlled_mecsb_vb_koa_adni_10seed_20260803_234110_koa_resnet50_plus_mesc_versionb_plus_dast_seed3,/root/autodl-tmp/MedVisionLab/batch_logs/controlled_mecsb_vb_koa_adni_10seed_20260803_234110/controlled_mecsb_vb_koa_adni_10seed_20260803_234110_koa_resnet50_plus_mesc_versionb_plus_dast_seed3.log
ADNI,ResNet50,,CE,ce,3,0.9351999999999999,0.9402,0.9295,0.0695,,,,controlled_mecsb_vb_koa_adni_10seed_20260803_234110_adni_resnet50_seed3,/root/autodl-tmp/MedVisionLab/batch_logs/controlled_mecsb_vb_koa_adni_10seed_20260803_234110/controlled_mecsb_vb_koa_adni_10seed_20260803_234110_adni_resnet50_seed3.log
ADNI,ResNet50 + DAST,,DAST,dast,3,0.9273,0.8701,0.927,0.075,1.0,1.5,,controlled_mecsb_vb_koa_adni_10seed_20260803_234110_adni_resnet50_plus_dast_seed3,/root/autodl-tmp/MedVisionLab/batch_logs/controlled_mecsb_vb_koa_adni_10seed_20260803_234110/controlled_mecsb_vb_koa_adni_10seed_20260803_234110_adni_resnet50_plus_dast_seed3.log
ADNI,ResNet50 + MESC VersionB,MESC,CE,ce,3,0.9883,0.992,0.9875,0.0125,,,,controlled_mecsb_vb_koa_adni_10seed_20260803_234110_adni_resnet50_plus_mesc_versionb_seed3,/root/autodl-tmp/MedVisionLab/batch_logs/controlled_mecsb_vb_koa_adni_10seed_20260803_234110/controlled_mecsb_vb_koa_adni_10seed_20260803_234110_adni_resnet50_plus_mesc_versionb_seed3.log
ADNI,ResNet50 + MESC VersionB + DAST,MESC,DAST,dast,3,0.9828,0.9863,0.9763,0.0203,1.0,1.5,,controlled_mecsb_vb_koa_adni_10seed_20260803_234110_adni_resnet50_plus_mesc_versionb_plus_dast_seed3,/root/autodl-tmp/MedVisionLab/batch_logs/controlled_mecsb_vb_koa_adni_10seed_20260803_234110/controlled_mecsb_vb_koa_adni_10seed_20260803_234110_adni_resnet50_plus_mesc_versionb_plus_dast_seed3.log
KOA,ResNet50,,CE,,4,0.6598999999999999,0.6676,0.8094,0.405,,,,controlled_mecsb_vb_koa_adni_10seed_20260803_234110_koa_resnet50_seed4,/root/autodl-tmp/MedVisionLab/batch_logs/controlled_mecsb_vb_koa_adni_10seed_20260803_234110/controlled_mecsb_vb_koa_adni_10seed_20260803_234110_koa_resnet50_seed4.log
KOA,ResNet50 + DAST,,DAST,,4,0.6769,0.6935,0.837,0.3676,1.0,1.5,,controlled_mecsb_vb_koa_adni_10seed_20260803_234110_koa_resnet50_plus_dast_seed4,/root/autodl-tmp/MedVisionLab/batch_logs/controlled_mecsb_vb_koa_adni_10seed_20260803_234110/controlled_mecsb_vb_koa_adni_10seed_20260803_234110_koa_resnet50_plus_dast_seed4.log
KOA,ResNet50 + MESC VersionB,MESC,,,4,0.6809000000000001,0.6859,0.8265,0.3768,,,,controlled_mecsb_vb_koa_adni_10seed_20260803_234110_koa_resnet50_plus_mesc_versionb_seed4,/root/autodl-tmp/MedVisionLab/batch_logs/controlled_mecsb_vb_koa_adni_10seed_20260803_234110/controlled_mecsb_vb_koa_adni_10seed_20260803_234110_koa_resnet50_plus_mesc_versionb_seed4.log
KOA,ResNet50 + MESC VersionB + DAST,MESC,DAST,,4,0.6801999999999999,0.6973,0.8476,0.3532,1.0,1.5,,controlled_mecsb_vb_koa_adni_10seed_20260803_234110_koa_resnet50_plus_mesc_versionb_plus_dast_seed4,/root/autodl-tmp/MedVisionLab/batch_logs/controlled_mecsb_vb_koa_adni_10seed_20260803_234110/controlled_mecsb_vb_koa_adni_10seed_20260803_234110_koa_resnet50_plus_mesc_versionb_plus_dast_seed4.log
ADNI,ResNet50,,CE,ce,4,0.9359000000000001,0.9482,0.9266,0.0703,,,,controlled_mecsb_vb_koa_adni_10seed_20260803_234110_adni_resnet50_seed4,/root/autodl-tmp/MedVisionLab/batch_logs/controlled_mecsb_vb_koa_adni_10seed_20260803_234110/controlled_mecsb_vb_koa_adni_10seed_20260803_234110_adni_resnet50_seed4.log
ADNI,ResNet50 + DAST,,DAST,dast,4,0.9297,0.9261,0.9232,0.0758,1.0,1.5,,controlled_mecsb_vb_koa_adni_10seed_20260803_234110_adni_resnet50_plus_dast_seed4,/root/autodl-tmp/MedVisionLab/batch_logs/controlled_mecsb_vb_koa_adni_10seed_20260803_234110/controlled_mecsb_vb_koa_adni_10seed_20260803_234110_adni_resnet50_plus_dast_seed4.log
ADNI,ResNet50 + MESC VersionB,MESC,CE,ce,4,0.9828,0.9683,0.9829,0.018,,,,controlled_mecsb_vb_koa_adni_10seed_20260803_234110_adni_resnet50_plus_mesc_versionb_seed4,/root/autodl-tmp/MedVisionLab/batch_logs/controlled_mecsb_vb_koa_adni_10seed_20260803_234110/controlled_mecsb_vb_koa_adni_10seed_20260803_234110_adni_resnet50_plus_mesc_versionb_seed4.log
ADNI,ResNet50 + MESC VersionB + DAST,MESC,DAST,dast,4,0.9852,0.988,0.9869,0.0148,1.0,1.5,,controlled_mecsb_vb_koa_adni_10seed_20260803_234110_adni_resnet50_plus_mesc_versionb_plus_dast_seed4,/root/autodl-tmp/MedVisionLab/batch_logs/controlled_mecsb_vb_koa_adni_10seed_20260803_234110/controlled_mecsb_vb_koa_adni_10seed_20260803_234110_adni_resnet50_plus_mesc_versionb_plus_dast_seed4.log
KOA,ResNet50,,CE,,5,0.6933,0.693,0.8328,0.3637,,,,controlled_mecsb_vb_koa_adni_10seed_20260803_234110_koa_resnet50_seed5,/root/autodl-tmp/MedVisionLab/batch_logs/controlled_mecsb_vb_koa_adni_10seed_20260803_234110/controlled_mecsb_vb_koa_adni_10seed_20260803_234110_koa_resnet50_seed5.log
KOA,ResNet50 + DAST,,DAST,,5,0.6868000000000001,0.6925,0.8378,0.3637,1.0,1.5,,controlled_mecsb_vb_koa_adni_10seed_20260803_234110_koa_resnet50_plus_dast_seed5,/root/autodl-tmp/MedVisionLab/batch_logs/controlled_mecsb_vb_koa_adni_10seed_20260803_234110/controlled_mecsb_vb_koa_adni_10seed_20260803_234110_koa_resnet50_plus_dast_seed5.log
KOA,ResNet50 + MESC VersionB,MESC,,,5,0.6992,0.7082,0.8403,0.3512,,,,controlled_mecsb_vb_koa_adni_10seed_20260803_234110_koa_resnet50_plus_mesc_versionb_seed5,/root/autodl-tmp/MedVisionLab/batch_logs/controlled_mecsb_vb_koa_adni_10seed_20260803_234110/controlled_mecsb_vb_koa_adni_10seed_20260803_234110_koa_resnet50_plus_mesc_versionb_seed5.log
KOA,ResNet50 + MESC VersionB + DAST,MESC,DAST,,5,0.6723,0.6882,0.8365,0.3709,1.0,1.5,,controlled_mecsb_vb_koa_adni_10seed_20260803_234110_koa_resnet50_plus_mesc_versionb_plus_dast_seed5,/root/autodl-tmp/MedVisionLab/batch_logs/controlled_mecsb_vb_koa_adni_10seed_20260803_234110/controlled_mecsb_vb_koa_adni_10seed_20260803_234110_koa_resnet50_plus_mesc_versionb_plus_dast_seed5.log
ADNI,ResNet50,,CE,ce,5,0.9344,0.9114,0.9192,0.0742,,,,controlled_mecsb_vb_koa_adni_10seed_20260803_234110_adni_resnet50_seed5,/root/autodl-tmp/MedVisionLab/batch_logs/controlled_mecsb_vb_koa_adni_10seed_20260803_234110/controlled_mecsb_vb_koa_adni_10seed_20260803_234110_adni_resnet50_seed5.log
ADNI,ResNet50 + DAST,,DAST,dast,5,0.9273,0.9174,0.9273,0.075,1.0,1.5,,controlled_mecsb_vb_koa_adni_10seed_20260803_234110_adni_resnet50_plus_dast_seed5,/root/autodl-tmp/MedVisionLab/batch_logs/controlled_mecsb_vb_koa_adni_10seed_20260803_234110/controlled_mecsb_vb_koa_adni_10seed_20260803_234110_adni_resnet50_plus_dast_seed5.log
ADNI,ResNet50 + MESC VersionB,MESC,CE,ce,5,0.9891,0.9924,0.9882,0.0117,,,,controlled_mecsb_vb_koa_adni_10seed_20260803_234110_adni_resnet50_plus_mesc_versionb_seed5,/root/autodl-tmp/MedVisionLab/batch_logs/controlled_mecsb_vb_koa_adni_10seed_20260803_234110/controlled_mecsb_vb_koa_adni_10seed_20260803_234110_adni_resnet50_plus_mesc_versionb_seed5.log
ADNI,ResNet50 + MESC VersionB + DAST,MESC,DAST,dast,5,0.9852,0.99,0.9869,0.0148,1.0,1.5,,controlled_mecsb_vb_koa_adni_10seed_20260803_234110_adni_resnet50_plus_mesc_versionb_plus_dast_seed5,/root/autodl-tmp/MedVisionLab/batch_logs/controlled_mecsb_vb_koa_adni_10seed_20260803_234110/controlled_mecsb_vb_koa_adni_10seed_20260803_234110_adni_resnet50_plus_mesc_versionb_plus_dast_seed5.log
KOA,ResNet50,,CE,,6,0.6756,0.6573,0.7989,0.4069,,,,controlled_mecsb_vb_koa_adni_10seed_20260803_234110_koa_resnet50_seed6,/root/autodl-tmp/MedVisionLab/batch_logs/controlled_mecsb_vb_koa_adni_10seed_20260803_234110/controlled_mecsb_vb_koa_adni_10seed_20260803_234110_koa_resnet50_seed6.log
KOA,ResNet50 + DAST,,DAST,,6,0.6690999999999999,0.6835,0.8212,0.3919,1.0,1.5,,controlled_mecsb_vb_koa_adni_10seed_20260803_234110_koa_resnet50_plus_dast_seed6,/root/autodl-tmp/MedVisionLab/batch_logs/controlled_mecsb_vb_koa_adni_10seed_20260803_234110/controlled_mecsb_vb_koa_adni_10seed_20260803_234110_koa_resnet50_plus_dast_seed6.log
KOA,ResNet50 + MESC VersionB,MESC,,,6,0.6840999999999999,0.6649,0.8327,0.3657,,,,controlled_mecsb_vb_koa_adni_10seed_20260803_234110_koa_resnet50_plus_mesc_versionb_seed6,/root/autodl-tmp/MedVisionLab/batch_logs/controlled_mecsb_vb_koa_adni_10seed_20260803_234110/controlled_mecsb_vb_koa_adni_10seed_20260803_234110_koa_resnet50_plus_mesc_versionb_seed6.log
KOA,ResNet50 + MESC VersionB + DAST,MESC,DAST,,6,0.6986,0.6826,0.8324,0.363,1.0,1.5,,controlled_mecsb_vb_koa_adni_10seed_20260803_234110_koa_resnet50_plus_mesc_versionb_plus_dast_seed6,/root/autodl-tmp/MedVisionLab/batch_logs/controlled_mecsb_vb_koa_adni_10seed_20260803_234110/controlled_mecsb_vb_koa_adni_10seed_20260803_234110_koa_resnet50_plus_mesc_versionb_plus_dast_seed6.log
ADNI,ResNet50,,CE,ce,6,0.9445,0.9297,0.927,0.0648,,,,controlled_mecsb_vb_koa_adni_10seed_20260803_234110_adni_resnet50_seed6,/root/autodl-tmp/MedVisionLab/batch_logs/controlled_mecsb_vb_koa_adni_10seed_20260803_234110/controlled_mecsb_vb_koa_adni_10seed_20260803_234110_adni_resnet50_seed6.log
ADNI,ResNet50 + DAST,,DAST,dast,6,0.943,0.9179,0.9448,0.0586,1.0,1.5,,controlled_mecsb_vb_koa_adni_10seed_20260803_234110_adni_resnet50_plus_dast_seed6,/root/autodl-tmp/MedVisionLab/batch_logs/controlled_mecsb_vb_koa_adni_10seed_20260803_234110/controlled_mecsb_vb_koa_adni_10seed_20260803_234110_adni_resnet50_plus_dast_seed6.log
ADNI,ResNet50 + MESC VersionB,MESC,CE,ce,6,0.9883,0.9884,0.9897,0.0117,,,,controlled_mecsb_vb_koa_adni_10seed_20260803_234110_adni_resnet50_plus_mesc_versionb_seed6,/root/autodl-tmp/MedVisionLab/batch_logs/controlled_mecsb_vb_koa_adni_10seed_20260803_234110/controlled_mecsb_vb_koa_adni_10seed_20260803_234110_adni_resnet50_plus_mesc_versionb_seed6.log
ADNI,ResNet50 + MESC VersionB + DAST,MESC,DAST,dast,6,0.9883,0.991,0.9876,0.0125,1.0,1.5,,controlled_mecsb_vb_koa_adni_10seed_20260803_234110_adni_resnet50_plus_mesc_versionb_plus_dast_seed6,/root/autodl-tmp/MedVisionLab/batch_logs/controlled_mecsb_vb_koa_adni_10seed_20260803_234110/controlled_mecsb_vb_koa_adni_10seed_20260803_234110_adni_resnet50_plus_mesc_versionb_plus_dast_seed6.log
KOA,ResNet50,,CE,,7,0.6501,0.6734,0.823,0.3965,,,,controlled_mecsb_vb_koa_adni_10seed_20260803_234110_koa_resnet50_seed7,/root/autodl-tmp/MedVisionLab/batch_logs/controlled_mecsb_vb_koa_adni_10seed_20260803_234110/controlled_mecsb_vb_koa_adni_10seed_20260803_234110_koa_resnet50_seed7.log
KOA,ResNet50 + DAST,,DAST,,7,0.6598999999999999,0.6745,0.8189,0.3971,1.0,1.5,,controlled_mecsb_vb_koa_adni_10seed_20260803_234110_koa_resnet50_plus_dast_seed7,/root/autodl-tmp/MedVisionLab/batch_logs/controlled_mecsb_vb_koa_adni_10seed_20260803_234110/controlled_mecsb_vb_koa_adni_10seed_20260803_234110_koa_resnet50_plus_dast_seed7.log
KOA,ResNet50 + MESC VersionB,MESC,,,7,0.675,0.6703,0.8406,0.3696,,,,controlled_mecsb_vb_koa_adni_10seed_20260803_234110_koa_resnet50_plus_mesc_versionb_seed7,/root/autodl-tmp/MedVisionLab/batch_logs/controlled_mecsb_vb_koa_adni_10seed_20260803_234110/controlled_mecsb_vb_koa_adni_10seed_20260803_234110_koa_resnet50_plus_mesc_versionb_seed7.log
KOA,ResNet50 + MESC VersionB + DAST,MESC,DAST,,7,0.6678000000000001,0.6864,0.8452,0.363,1.0,1.5,,controlled_mecsb_vb_koa_adni_10seed_20260803_234110_koa_resnet50_plus_mesc_versionb_plus_dast_seed7,/root/autodl-tmp/MedVisionLab/batch_logs/controlled_mecsb_vb_koa_adni_10seed_20260803_234110/controlled_mecsb_vb_koa_adni_10seed_20260803_234110_koa_resnet50_plus_mesc_versionb_plus_dast_seed7.log
ADNI,ResNet50,,CE,ce,7,0.9492,0.9279,0.9401,0.0562,,,,controlled_mecsb_vb_koa_adni_10seed_20260803_234110_adni_resnet50_seed7,/root/autodl-tmp/MedVisionLab/batch_logs/controlled_mecsb_vb_koa_adni_10seed_20260803_234110/controlled_mecsb_vb_koa_adni_10seed_20260803_234110_adni_resnet50_seed7.log
ADNI,ResNet50 + DAST,,DAST,dast,7,0.9281,0.8959,0.9273,0.0742,1.0,1.5,,controlled_mecsb_vb_koa_adni_10seed_20260803_234110_adni_resnet50_plus_dast_seed7,/root/autodl-tmp/MedVisionLab/batch_logs/controlled_mecsb_vb_koa_adni_10seed_20260803_234110/controlled_mecsb_vb_koa_adni_10seed_20260803_234110_adni_resnet50_plus_dast_seed7.log
ADNI,ResNet50 + MESC VersionB,MESC,CE,ce,7,0.9859,0.9872,0.9813,0.0164,,,,controlled_mecsb_vb_koa_adni_10seed_20260803_234110_adni_resnet50_plus_mesc_versionb_seed7,/root/autodl-tmp/MedVisionLab/batch_logs/controlled_mecsb_vb_koa_adni_10seed_20260803_234110/controlled_mecsb_vb_koa_adni_10seed_20260803_234110_adni_resnet50_plus_mesc_versionb_seed7.log
ADNI,ResNet50 + MESC VersionB + DAST,MESC,DAST,dast,7,0.982,0.9842,0.9797,0.0195,1.0,1.5,,controlled_mecsb_vb_koa_adni_10seed_20260803_234110_adni_resnet50_plus_mesc_versionb_plus_dast_seed7,/root/autodl-tmp/MedVisionLab/batch_logs/controlled_mecsb_vb_koa_adni_10seed_20260803_234110/controlled_mecsb_vb_koa_adni_10seed_20260803_234110_adni_resnet50_plus_mesc_versionb_plus_dast_seed7.log
KOA,ResNet50,,CE,,8,0.6670999999999999,0.6824,0.8298,0.3834,,,,controlled_mecsb_vb_koa_adni_10seed_20260803_234110_koa_resnet50_seed8,/root/autodl-tmp/MedVisionLab/batch_logs/controlled_mecsb_vb_koa_adni_10seed_20260803_234110/controlled_mecsb_vb_koa_adni_10seed_20260803_234110_koa_resnet50_seed8.log
KOA,ResNet50 + DAST,,DAST,,8,0.6474,0.6794,0.8211,0.3978,1.0,1.5,,controlled_mecsb_vb_koa_adni_10seed_20260803_234110_koa_resnet50_plus_dast_seed8,/root/autodl-tmp/MedVisionLab/batch_logs/controlled_mecsb_vb_koa_adni_10seed_20260803_234110/controlled_mecsb_vb_koa_adni_10seed_20260803_234110_koa_resnet50_plus_dast_seed8.log
KOA,ResNet50 + MESC VersionB,MESC,,,8,0.6776000000000001,0.6829,0.8188,0.3834,,,,controlled_mecsb_vb_koa_adni_10seed_20260803_234110_koa_resnet50_plus_mesc_versionb_seed8,/root/autodl-tmp/MedVisionLab/batch_logs/controlled_mecsb_vb_koa_adni_10seed_20260803_234110/controlled_mecsb_vb_koa_adni_10seed_20260803_234110_koa_resnet50_plus_mesc_versionb_seed8.log
KOA,ResNet50 + MESC VersionB + DAST,MESC,DAST,,8,0.6645,0.6854,0.8293,0.3807,1.0,1.5,,controlled_mecsb_vb_koa_adni_10seed_20260803_234110_koa_resnet50_plus_mesc_versionb_plus_dast_seed8,/root/autodl-tmp/MedVisionLab/batch_logs/controlled_mecsb_vb_koa_adni_10seed_20260803_234110/controlled_mecsb_vb_koa_adni_10seed_20260803_234110_koa_resnet50_plus_mesc_versionb_plus_dast_seed8.log
ADNI,ResNet50,,CE,ce,8,0.9508,0.9499,0.9418,0.0547,,,,controlled_mecsb_vb_koa_adni_10seed_20260803_234110_adni_resnet50_seed8,/root/autodl-tmp/MedVisionLab/batch_logs/controlled_mecsb_vb_koa_adni_10seed_20260803_234110/controlled_mecsb_vb_koa_adni_10seed_20260803_234110_adni_resnet50_seed8.log
ADNI,ResNet50 + DAST,,DAST,dast,8,0.9484,0.9268,0.9492,0.0531,1.0,1.5,,controlled_mecsb_vb_koa_adni_10seed_20260803_234110_adni_resnet50_plus_dast_seed8,/root/autodl-tmp/MedVisionLab/batch_logs/controlled_mecsb_vb_koa_adni_10seed_20260803_234110/controlled_mecsb_vb_koa_adni_10seed_20260803_234110_adni_resnet50_plus_dast_seed8.log
ADNI,ResNet50 + MESC VersionB,MESC,CE,ce,8,0.9906,0.9923,0.9917,0.0094,,,,controlled_mecsb_vb_koa_adni_10seed_20260803_234110_adni_resnet50_plus_mesc_versionb_seed8,/root/autodl-tmp/MedVisionLab/batch_logs/controlled_mecsb_vb_koa_adni_10seed_20260803_234110/controlled_mecsb_vb_koa_adni_10seed_20260803_234110_adni_resnet50_plus_mesc_versionb_seed8.log
ADNI,ResNet50 + MESC VersionB + DAST,MESC,DAST,dast,8,0.9804999999999999,0.9857,0.9826,0.0195,1.0,1.5,,controlled_mecsb_vb_koa_adni_10seed_20260803_234110_adni_resnet50_plus_mesc_versionb_plus_dast_seed8,/root/autodl-tmp/MedVisionLab/batch_logs/controlled_mecsb_vb_koa_adni_10seed_20260803_234110/controlled_mecsb_vb_koa_adni_10seed_20260803_234110_adni_resnet50_plus_mesc_versionb_plus_dast_seed8.log
KOA,ResNet50,,CE,,9,0.6762999999999999,0.6642,0.8257,0.382,,,,controlled_mecsb_vb_koa_adni_10seed_20260803_234110_koa_resnet50_seed9,/root/autodl-tmp/MedVisionLab/batch_logs/controlled_mecsb_vb_koa_adni_10seed_20260803_234110/controlled_mecsb_vb_koa_adni_10seed_20260803_234110_koa_resnet50_seed9.log
KOA,ResNet50 + DAST,,DAST,,9,0.6690999999999999,0.6733,0.8235,0.386,1.0,1.5,,controlled_mecsb_vb_koa_adni_10seed_20260803_234110_koa_resnet50_plus_dast_seed9,/root/autodl-tmp/MedVisionLab/batch_logs/controlled_mecsb_vb_koa_adni_10seed_20260803_234110/controlled_mecsb_vb_koa_adni_10seed_20260803_234110_koa_resnet50_plus_dast_seed9.log
KOA,ResNet50 + MESC VersionB,MESC,,,9,0.6861,0.6864,0.8395,0.3657,,,,controlled_mecsb_vb_koa_adni_10seed_20260803_234110_koa_resnet50_plus_mesc_versionb_seed9,/root/autodl-tmp/MedVisionLab/batch_logs/controlled_mecsb_vb_koa_adni_10seed_20260803_234110/controlled_mecsb_vb_koa_adni_10seed_20260803_234110_koa_resnet50_plus_mesc_versionb_seed9.log
KOA,ResNet50 + MESC VersionB + DAST,MESC,DAST,,9,0.6881,0.7031,0.8421,0.3598,1.0,1.5,,controlled_mecsb_vb_koa_adni_10seed_20260803_234110_koa_resnet50_plus_mesc_versionb_plus_dast_seed9,/root/autodl-tmp/MedVisionLab/batch_logs/controlled_mecsb_vb_koa_adni_10seed_20260803_234110/controlled_mecsb_vb_koa_adni_10seed_20260803_234110_koa_resnet50_plus_mesc_versionb_plus_dast_seed9.log
ADNI,ResNet50,,CE,ce,9,0.9406,0.9475,0.9267,0.0672,,,,controlled_mecsb_vb_koa_adni_10seed_20260803_234110_adni_resnet50_seed9,/root/autodl-tmp/MedVisionLab/batch_logs/controlled_mecsb_vb_koa_adni_10seed_20260803_234110/controlled_mecsb_vb_koa_adni_10seed_20260803_234110_adni_resnet50_seed9.log
ADNI,ResNet50 + DAST,,DAST,dast,9,0.9211,0.9014,0.9227,0.0812,1.0,1.5,,controlled_mecsb_vb_koa_adni_10seed_20260803_234110_adni_resnet50_plus_dast_seed9,/root/autodl-tmp/MedVisionLab/batch_logs/controlled_mecsb_vb_koa_adni_10seed_20260803_234110/controlled_mecsb_vb_koa_adni_10seed_20260803_234110_adni_resnet50_plus_dast_seed9.log
ADNI,ResNet50 + MESC VersionB,MESC,CE,ce,9,0.9867,0.9795,0.9863,0.0141,,,,controlled_mecsb_vb_koa_adni_10seed_20260803_234110_adni_resnet50_plus_mesc_versionb_seed9,/root/autodl-tmp/MedVisionLab/batch_logs/controlled_mecsb_vb_koa_adni_10seed_20260803_234110/controlled_mecsb_vb_koa_adni_10seed_20260803_234110_adni_resnet50_plus_mesc_versionb_seed9.log
ADNI,ResNet50 + MESC VersionB + DAST,MESC,DAST,dast,9,0.9906,0.9924,0.9896,0.0102,1.0,1.5,,controlled_mecsb_vb_koa_adni_10seed_20260803_234110_adni_resnet50_plus_mesc_versionb_plus_dast_seed9,/root/autodl-tmp/MedVisionLab/batch_logs/controlled_mecsb_vb_koa_adni_10seed_20260803_234110/controlled_mecsb_vb_koa_adni_10seed_20260803_234110_adni_resnet50_plus_mesc_versionb_plus_dast_seed9.log
